Type,Name,Request Count,Failure Count,Median Response Time,Average Response Time,Min Response Time,Max Response Time,Average Content Size,Requests/s,Failures/s,50%,66%,75%,80%,90%,95%,98%,99%,99.9%,99.99%,100%
POST,/v1/chat/completions [non-stream],5,0,66000,67909.3671835959,61864.61129196687,73925.43766601011,5389.8,0.017504450363391134,0.0,66000,72000,72000,74000,74000,74000,74000,74000,74000,74000,74000
POST,/v1/chat/completions [stream],7,0,45000,37628.626220161095,1037.0701249921694,54032.33929199632,0.0,0.024506230508747586,0.0,45000,49000,49000,49000,54000,54000,54000,54000,54000,54000,54000
TTFT,/v1/chat/completions [stream],7,0,1100,1030.1801428597953,798.1669590226375,1173.584625008516,0.0,0.024506230508747586,0.0,1100,1200,1200,1200,1200,1200,1200,1200,1200,1200,1200
,Aggregated,19,0,44000,32113.604234690825,798.1669590226375,73925.43766601011,1418.3684210526317,0.0665169113808863,0.0,44000,49000,62000,65000,72000,74000,74000,74000,74000,74000,74000
